{"cameraMode":{"drawMode":0,"name":"Shaded","section":"Shading Mode"},"sceneLighting":false,"audioPlay":false,"sceneViewState":{"m_AlwaysRefresh":false,"showFog":true,"showSkybox":false,"showFlares":true,"showImageEffects":true,"showParticleSystems":true,"showVisualEffectGraphs":true,"m_FxEnabled":true},"in2DMode":false,"pivot":{"x":0.12645995616912843,"y":-0.02066931128501892,"z":-0.9796615839004517},"rotation":{"x":-0.07901956886053086,"y":0.9209161996841431,"z":-0.26412567496299746,"w":-0.27551451325416567},"size":1.164180040359497,"orthographic":false}