{"cameraMode":{"drawMode":0,"name":"Shaded","section":"Shading Mode"},"sceneLighting":true,"audioPlay":false,"sceneViewState":{"m_AlwaysRefresh":false,"showFog":true,"showSkybox":true,"showFlares":true,"showImageEffects":true,"showParticleSystems":true,"showVisualEffectGraphs":true,"m_FxEnabled":true},"in2DMode":false,"pivot":{"x":1.9603650569915772,"y":1.0720710754394532,"z":9.710638999938965},"rotation":{"x":0.18008507788181306,"y":0.8186914324760437,"z":-0.4095119535923004,"w":0.3600226640701294},"size":2.6157073974609377,"orthographic":false}