{"cameraMode":{"drawMode":0,"name":"Shaded","section":"Shading Mode"},"sceneLighting":true,"audioPlay":false,"sceneViewState":{"m_AlwaysRefresh":false,"showFog":true,"showSkybox":true,"showFlares":true,"showImageEffects":true,"showParticleSystems":true,"showVisualEffectGraphs":true,"m_FxEnabled":true},"in2DMode":false,"pivot":{"x":-0.3870219588279724,"y":0.6999062299728394,"z":0.061748504638671878},"rotation":{"x":-0.0392984040081501,"y":-0.00839588139206171,"z":0.0003298095252830535,"w":-0.9991952776908875},"size":56.69934844970703,"orthographic":false}