{"cameraMode":{"drawMode":0,"name":"Shaded","section":"Shading Mode"},"sceneLighting":false,"audioPlay":false,"sceneViewState":{"m_AlwaysRefresh":false,"showFog":true,"showSkybox":false,"showFlares":true,"showImageEffects":true,"showParticleSystems":true,"showVisualEffectGraphs":true,"m_FxEnabled":true},"in2DMode":false,"pivot":{"x":-20.173852920532228,"y":1.9560067653656006,"z":-4.639281749725342},"rotation":{"x":0.02020706795156002,"y":0.9431607723236084,"z":-0.326548308134079,"w":0.058362383395433429},"size":1.7092528343200684,"orthographic":false}