{"cameraMode":{"drawMode":0,"name":"Shaded","section":"Shading Mode"},"sceneLighting":false,"audioPlay":false,"sceneViewState":{"m_AlwaysRefresh":false,"showFog":true,"showSkybox":false,"showFlares":true,"showImageEffects":true,"showParticleSystems":true,"showVisualEffectGraphs":true,"m_FxEnabled":true},"in2DMode":false,"pivot":{"x":-19.563852310180665,"y":1.7071871757507325,"z":-4.507339000701904},"rotation":{"x":0.006311305798590183,"y":0.734507143497467,"z":-0.6785387396812439,"w":0.006831514649093151},"size":1.607005000114441,"orthographic":false}